[{"name":"PosiLifeHomeScreen","qualifiedName":"PosiLifeHomeScreen","href":"view_login_PosiLifeHomeScreen/view_login_PosiLifeHomeScreen-library.html","kind":8,"overriddenDepth":0,"packageRank":0,"desc":""},{"name":"PosiLifeHomeScreen","qualifiedName":"PosiLifeHomeScreen.PosiLifeHomeScreen","href":"view_login_PosiLifeHomeScreen/PosiLifeHomeScreen-class.html","kind":3,"overriddenDepth":0,"packageRank":0,"desc":"","enclosedBy":{"name":"PosiLifeHomeScreen","kind":8,"href":"view_login_PosiLifeHomeScreen/view_login_PosiLifeHomeScreen-library.html"}},{"name":"PosiLifeHomeScreen","qualifiedName":"PosiLifeHomeScreen.PosiLifeHomeScreen.PosiLifeHomeScreen","href":"view_login_PosiLifeHomeScreen/PosiLifeHomeScreen/PosiLifeHomeScreen.html","kind":2,"overriddenDepth":0,"packageRank":0,"desc":"","enclosedBy":{"name":"PosiLifeHomeScreen","kind":3,"href":"view_login_PosiLifeHomeScreen/PosiLifeHomeScreen-class.html"}},{"name":"build","qualifiedName":"PosiLifeHomeScreen.PosiLifeHomeScreen.build","href":"view_login_PosiLifeHomeScreen/PosiLifeHomeScreen/build.html","kind":9,"overriddenDepth":1,"packageRank":0,"desc":"Describes the part of the user interface represented by this widget.","enclosedBy":{"name":"PosiLifeHomeScreen","kind":3,"href":"view_login_PosiLifeHomeScreen/PosiLifeHomeScreen-class.html"}},{"name":"SignInScreen","qualifiedName":"SignInScreen","href":"view_login_SignInScreen/view_login_SignInScreen-library.html","kind":8,"overriddenDepth":0,"packageRank":0,"desc":""},{"name":"SignInScreen","qualifiedName":"SignInScreen.SignInScreen","href":"view_login_SignInScreen/SignInScreen-class.html","kind":3,"overriddenDepth":0,"packageRank":0,"desc":"","enclosedBy":{"name":"SignInScreen","kind":8,"href":"view_login_SignInScreen/view_login_SignInScreen-library.html"}},{"name":"SignInScreen","qualifiedName":"SignInScreen.SignInScreen.SignInScreen","href":"view_login_SignInScreen/SignInScreen/SignInScreen.html","kind":2,"overriddenDepth":0,"packageRank":0,"desc":"","enclosedBy":{"name":"SignInScreen","kind":3,"href":"view_login_SignInScreen/SignInScreen-class.html"}},{"name":"createState","qualifiedName":"SignInScreen.SignInScreen.createState","href":"view_login_SignInScreen/SignInScreen/createState.html","kind":9,"overriddenDepth":1,"packageRank":0,"desc":"Creates the mutable state for this widget at a given location in the tree.","enclosedBy":{"name":"SignInScreen","kind":3,"href":"view_login_SignInScreen/SignInScreen-class.html"}},{"name":"accountInfoScreen","qualifiedName":"accountInfoScreen","href":"view_account_accountInfoScreen/view_account_accountInfoScreen-library.html","kind":8,"overriddenDepth":0,"packageRank":0,"desc":""},{"name":"AccountInfoPage","qualifiedName":"accountInfoScreen.AccountInfoPage","href":"view_account_accountInfoScreen/AccountInfoPage-class.html","kind":3,"overriddenDepth":0,"packageRank":0,"desc":"","enclosedBy":{"name":"accountInfoScreen","kind":8,"href":"view_account_accountInfoScreen/view_account_accountInfoScreen-library.html"}},{"name":"AccountInfoPage","qualifiedName":"accountInfoScreen.AccountInfoPage.AccountInfoPage","href":"view_account_accountInfoScreen/AccountInfoPage/AccountInfoPage.html","kind":2,"overriddenDepth":0,"packageRank":0,"desc":"","enclosedBy":{"name":"AccountInfoPage","kind":3,"href":"view_account_accountInfoScreen/AccountInfoPage-class.html"}},{"name":"createState","qualifiedName":"accountInfoScreen.AccountInfoPage.createState","href":"view_account_accountInfoScreen/AccountInfoPage/createState.html","kind":9,"overriddenDepth":1,"packageRank":0,"desc":"Creates the mutable state for this widget at a given location in the tree.","enclosedBy":{"name":"AccountInfoPage","kind":3,"href":"view_account_accountInfoScreen/AccountInfoPage-class.html"}},{"name":"app","qualifiedName":"app","href":"app/app-library.html","kind":8,"overriddenDepth":0,"packageRank":0,"desc":""},{"name":"MyApp","qualifiedName":"app.MyApp","href":"app/MyApp-class.html","kind":3,"overriddenDepth":0,"packageRank":0,"desc":"","enclosedBy":{"name":"app","kind":8,"href":"app/app-library.html"}},{"name":"MyApp","qualifiedName":"app.MyApp.MyApp","href":"app/MyApp/MyApp.html","kind":2,"overriddenDepth":0,"packageRank":0,"desc":"","enclosedBy":{"name":"MyApp","kind":3,"href":"app/MyApp-class.html"}},{"name":"build","qualifiedName":"app.MyApp.build","href":"app/MyApp/build.html","kind":9,"overriddenDepth":1,"packageRank":0,"desc":"Describes the part of the user interface represented by this widget.","enclosedBy":{"name":"MyApp","kind":3,"href":"app/MyApp-class.html"}},{"name":"authentication_controller","qualifiedName":"authentication_controller","href":"controller_authentication_controller/controller_authentication_controller-library.html","kind":8,"overriddenDepth":0,"packageRank":0,"desc":""},{"name":"AuthRepository","qualifiedName":"authentication_controller.AuthRepository","href":"controller_authentication_controller/AuthRepository-class.html","kind":3,"overriddenDepth":0,"packageRank":0,"desc":"","enclosedBy":{"name":"authentication_controller","kind":8,"href":"controller_authentication_controller/controller_authentication_controller-library.html"}},{"name":"AuthRepository","qualifiedName":"authentication_controller.AuthRepository.AuthRepository","href":"controller_authentication_controller/AuthRepository/AuthRepository.html","kind":2,"overriddenDepth":0,"packageRank":0,"desc":"","enclosedBy":{"name":"AuthRepository","kind":3,"href":"controller_authentication_controller/AuthRepository-class.html"}},{"name":"changePassword","qualifiedName":"authentication_controller.AuthRepository.changePassword","href":"controller_authentication_controller/AuthRepository/changePassword.html","kind":9,"overriddenDepth":0,"packageRank":0,"desc":"","enclosedBy":{"name":"AuthRepository","kind":3,"href":"controller_authentication_controller/AuthRepository-class.html"}},{"name":"currentUser","qualifiedName":"authentication_controller.AuthRepository.currentUser","href":"controller_authentication_controller/AuthRepository/currentUser.html","kind":15,"overriddenDepth":0,"packageRank":0,"desc":"","enclosedBy":{"name":"AuthRepository","kind":3,"href":"controller_authentication_controller/AuthRepository-class.html"}},{"name":"getEmail","qualifiedName":"authentication_controller.AuthRepository.getEmail","href":"controller_authentication_controller/AuthRepository/getEmail.html","kind":9,"overriddenDepth":0,"packageRank":0,"desc":"","enclosedBy":{"name":"AuthRepository","kind":3,"href":"controller_authentication_controller/AuthRepository-class.html"}},{"name":"reauthenticateWithPassword","qualifiedName":"authentication_controller.AuthRepository.reauthenticateWithPassword","href":"controller_authentication_controller/AuthRepository/reauthenticateWithPassword.html","kind":9,"overriddenDepth":0,"packageRank":0,"desc":"","enclosedBy":{"name":"AuthRepository","kind":3,"href":"controller_authentication_controller/AuthRepository-class.html"}},{"name":"sendPasswordResetEmail","qualifiedName":"authentication_controller.AuthRepository.sendPasswordResetEmail","href":"controller_authentication_controller/AuthRepository/sendPasswordResetEmail.html","kind":9,"overriddenDepth":0,"packageRank":0,"desc":"","enclosedBy":{"name":"AuthRepository","kind":3,"href":"controller_authentication_controller/AuthRepository-class.html"}},{"name":"bottomNavigationBar","qualifiedName":"bottomNavigationBar","href":"view_bottomNavigationBar/view_bottomNavigationBar-library.html","kind":8,"overriddenDepth":0,"packageRank":0,"desc":""},{"name":"CustomBottomNavigationBar","qualifiedName":"bottomNavigationBar.CustomBottomNavigationBar","href":"view_bottomNavigationBar/CustomBottomNavigationBar-class.html","kind":3,"overriddenDepth":0,"packageRank":0,"desc":"","enclosedBy":{"name":"bottomNavigationBar","kind":8,"href":"view_bottomNavigationBar/view_bottomNavigationBar-library.html"}},{"name":"CustomBottomNavigationBar","qualifiedName":"bottomNavigationBar.CustomBottomNavigationBar.CustomBottomNavigationBar","href":"view_bottomNavigationBar/CustomBottomNavigationBar/CustomBottomNavigationBar.html","kind":2,"overriddenDepth":0,"packageRank":0,"desc":"","enclosedBy":{"name":"CustomBottomNavigationBar","kind":3,"href":"view_bottomNavigationBar/CustomBottomNavigationBar-class.html"}},{"name":"build","qualifiedName":"bottomNavigationBar.CustomBottomNavigationBar.build","href":"view_bottomNavigationBar/CustomBottomNavigationBar/build.html","kind":9,"overriddenDepth":1,"packageRank":0,"desc":"Describes the part of the user interface represented by this widget.","enclosedBy":{"name":"CustomBottomNavigationBar","kind":3,"href":"view_bottomNavigationBar/CustomBottomNavigationBar-class.html"}},{"name":"getIcon","qualifiedName":"bottomNavigationBar.CustomBottomNavigationBar.getIcon","href":"view_bottomNavigationBar/CustomBottomNavigationBar/getIcon.html","kind":9,"overriddenDepth":0,"packageRank":0,"desc":"","enclosedBy":{"name":"CustomBottomNavigationBar","kind":3,"href":"view_bottomNavigationBar/CustomBottomNavigationBar-class.html"}},{"name":"onItemTapped","qualifiedName":"bottomNavigationBar.CustomBottomNavigationBar.onItemTapped","href":"view_bottomNavigationBar/CustomBottomNavigationBar/onItemTapped.html","kind":15,"overriddenDepth":0,"packageRank":0,"desc":"","enclosedBy":{"name":"CustomBottomNavigationBar","kind":3,"href":"view_bottomNavigationBar/CustomBottomNavigationBar-class.html"}},{"name":"selectedIndex","qualifiedName":"bottomNavigationBar.CustomBottomNavigationBar.selectedIndex","href":"view_bottomNavigationBar/CustomBottomNavigationBar/selectedIndex.html","kind":15,"overriddenDepth":0,"packageRank":0,"desc":"","enclosedBy":{"name":"CustomBottomNavigationBar","kind":3,"href":"view_bottomNavigationBar/CustomBottomNavigationBar-class.html"}},{"name":"changePasswordScreen","qualifiedName":"changePasswordScreen","href":"view_account_changePasswordScreen/view_account_changePasswordScreen-library.html","kind":8,"overriddenDepth":0,"packageRank":0,"desc":""},{"name":"ChangePasswordScreen","qualifiedName":"changePasswordScreen.ChangePasswordScreen","href":"view_account_changePasswordScreen/ChangePasswordScreen-class.html","kind":3,"overriddenDepth":0,"packageRank":0,"desc":"","enclosedBy":{"name":"changePasswordScreen","kind":8,"href":"view_account_changePasswordScreen/view_account_changePasswordScreen-library.html"}},{"name":"ChangePasswordScreen","qualifiedName":"changePasswordScreen.ChangePasswordScreen.ChangePasswordScreen","href":"view_account_changePasswordScreen/ChangePasswordScreen/ChangePasswordScreen.html","kind":2,"overriddenDepth":0,"packageRank":0,"desc":"","enclosedBy":{"name":"ChangePasswordScreen","kind":3,"href":"view_account_changePasswordScreen/ChangePasswordScreen-class.html"}},{"name":"createState","qualifiedName":"changePasswordScreen.ChangePasswordScreen.createState","href":"view_account_changePasswordScreen/ChangePasswordScreen/createState.html","kind":9,"overriddenDepth":1,"packageRank":0,"desc":"Creates the mutable state for this widget at a given location in the tree.","enclosedBy":{"name":"ChangePasswordScreen","kind":3,"href":"view_account_changePasswordScreen/ChangePasswordScreen-class.html"}},{"name":"date_controller","qualifiedName":"date_controller","href":"controller_date_controller/controller_date_controller-library.html","kind":8,"overriddenDepth":0,"packageRank":0,"desc":""},{"name":"formatDateOnly","qualifiedName":"date_controller.formatDateOnly","href":"controller_date_controller/formatDateOnly.html","kind":7,"overriddenDepth":0,"packageRank":0,"desc":"","enclosedBy":{"name":"date_controller","kind":8,"href":"controller_date_controller/controller_date_controller-library.html"}},{"name":"diet","qualifiedName":"diet","href":"model_diet/model_diet-library.html","kind":8,"overriddenDepth":0,"packageRank":0,"desc":""},{"name":"Diet","qualifiedName":"diet.Diet","href":"model_diet/Diet-class.html","kind":3,"overriddenDepth":0,"packageRank":0,"desc":"","enclosedBy":{"name":"diet","kind":8,"href":"model_diet/model_diet-library.html"}},{"name":"Diet","qualifiedName":"diet.Diet.Diet","href":"model_diet/Diet/Diet.html","kind":2,"overriddenDepth":0,"packageRank":0,"desc":"","enclosedBy":{"name":"Diet","kind":3,"href":"model_diet/Diet-class.html"}},{"name":"Diet.fromSnapshot","qualifiedName":"diet.Diet.fromSnapshot","href":"model_diet/Diet/Diet.fromSnapshot.html","kind":2,"overriddenDepth":0,"packageRank":0,"desc":"","enclosedBy":{"name":"Diet","kind":3,"href":"model_diet/Diet-class.html"}},{"name":"records","qualifiedName":"diet.Diet.records","href":"model_diet/Diet/records.html","kind":15,"overriddenDepth":0,"packageRank":0,"desc":"","enclosedBy":{"name":"Diet","kind":3,"href":"model_diet/Diet-class.html"}},{"name":"toJson","qualifiedName":"diet.Diet.toJson","href":"model_diet/Diet/toJson.html","kind":9,"overriddenDepth":0,"packageRank":0,"desc":"","enclosedBy":{"name":"Diet","kind":3,"href":"model_diet/Diet-class.html"}},{"name":"userId","qualifiedName":"diet.Diet.userId","href":"model_diet/Diet/userId.html","kind":15,"overriddenDepth":0,"packageRank":0,"desc":"","enclosedBy":{"name":"Diet","kind":3,"href":"model_diet/Diet-class.html"}},{"name":"dietIntakeCalendarScreen","qualifiedName":"dietIntakeCalendarScreen","href":"view_diet_dietIntakeCalendarScreen/view_diet_dietIntakeCalendarScreen-library.html","kind":8,"overriddenDepth":0,"packageRank":0,"desc":""},{"name":"DietIntakeCalendarScreen","qualifiedName":"dietIntakeCalendarScreen.DietIntakeCalendarScreen","href":"view_diet_dietIntakeCalendarScreen/DietIntakeCalendarScreen-class.html","kind":3,"overriddenDepth":0,"packageRank":0,"desc":"","enclosedBy":{"name":"dietIntakeCalendarScreen","kind":8,"href":"view_diet_dietIntakeCalendarScreen/view_diet_dietIntakeCalendarScreen-library.html"}},{"name":"DietIntakeCalendarScreen","qualifiedName":"dietIntakeCalendarScreen.DietIntakeCalendarScreen.DietIntakeCalendarScreen","href":"view_diet_dietIntakeCalendarScreen/DietIntakeCalendarScreen/DietIntakeCalendarScreen.html","kind":2,"overriddenDepth":0,"packageRank":0,"desc":"","enclosedBy":{"name":"DietIntakeCalendarScreen","kind":3,"href":"view_diet_dietIntakeCalendarScreen/DietIntakeCalendarScreen-class.html"}},{"name":"createState","qualifiedName":"dietIntakeCalendarScreen.DietIntakeCalendarScreen.createState","href":"view_diet_dietIntakeCalendarScreen/DietIntakeCalendarScreen/createState.html","kind":9,"overriddenDepth":1,"packageRank":0,"desc":"Creates the mutable state for this widget at a given location in the tree.","enclosedBy":{"name":"DietIntakeCalendarScreen","kind":3,"href":"view_diet_dietIntakeCalendarScreen/DietIntakeCalendarScreen-class.html"}},{"name":"dietIntakeGoalScreen","qualifiedName":"dietIntakeGoalScreen","href":"view_diet_dietIntakeGoalScreen/view_diet_dietIntakeGoalScreen-library.html","kind":8,"overriddenDepth":0,"packageRank":0,"desc":""},{"name":"DietIntakeGoalScreen","qualifiedName":"dietIntakeGoalScreen.DietIntakeGoalScreen","href":"view_diet_dietIntakeGoalScreen/DietIntakeGoalScreen-class.html","kind":3,"overriddenDepth":0,"packageRank":0,"desc":"","enclosedBy":{"name":"dietIntakeGoalScreen","kind":8,"href":"view_diet_dietIntakeGoalScreen/view_diet_dietIntakeGoalScreen-library.html"}},{"name":"DietIntakeGoalScreen","qualifiedName":"dietIntakeGoalScreen.DietIntakeGoalScreen.DietIntakeGoalScreen","href":"view_diet_dietIntakeGoalScreen/DietIntakeGoalScreen/DietIntakeGoalScreen.html","kind":2,"overriddenDepth":0,"packageRank":0,"desc":"","enclosedBy":{"name":"DietIntakeGoalScreen","kind":3,"href":"view_diet_dietIntakeGoalScreen/DietIntakeGoalScreen-class.html"}},{"name":"createState","qualifiedName":"dietIntakeGoalScreen.DietIntakeGoalScreen.createState","href":"view_diet_dietIntakeGoalScreen/DietIntakeGoalScreen/createState.html","kind":9,"overriddenDepth":1,"packageRank":0,"desc":"Creates the mutable state for this widget at a given location in the tree.","enclosedBy":{"name":"DietIntakeGoalScreen","kind":3,"href":"view_diet_dietIntakeGoalScreen/DietIntakeGoalScreen-class.html"}},{"name":"dietIntakeRecordScreen","qualifiedName":"dietIntakeRecordScreen","href":"view_diet_dietIntakeRecordScreen/view_diet_dietIntakeRecordScreen-library.html","kind":8,"overriddenDepth":0,"packageRank":0,"desc":""},{"name":"DietIntakeRecordScreen","qualifiedName":"dietIntakeRecordScreen.DietIntakeRecordScreen","href":"view_diet_dietIntakeRecordScreen/DietIntakeRecordScreen-class.html","kind":3,"overriddenDepth":0,"packageRank":0,"desc":"","enclosedBy":{"name":"dietIntakeRecordScreen","kind":8,"href":"view_diet_dietIntakeRecordScreen/view_diet_dietIntakeRecordScreen-library.html"}},{"name":"DietIntakeRecordScreen","qualifiedName":"dietIntakeRecordScreen.DietIntakeRecordScreen.DietIntakeRecordScreen","href":"view_diet_dietIntakeRecordScreen/DietIntakeRecordScreen/DietIntakeRecordScreen.html","kind":2,"overriddenDepth":0,"packageRank":0,"desc":"","enclosedBy":{"name":"DietIntakeRecordScreen","kind":3,"href":"view_diet_dietIntakeRecordScreen/DietIntakeRecordScreen-class.html"}},{"name":"createState","qualifiedName":"dietIntakeRecordScreen.DietIntakeRecordScreen.createState","href":"view_diet_dietIntakeRecordScreen/DietIntakeRecordScreen/createState.html","kind":9,"overriddenDepth":1,"packageRank":0,"desc":"Creates the mutable state for this widget at a given location in the tree.","enclosedBy":{"name":"DietIntakeRecordScreen","kind":3,"href":"view_diet_dietIntakeRecordScreen/DietIntakeRecordScreen-class.html"}},{"name":"dietIntakeReminderScreen","qualifiedName":"dietIntakeReminderScreen","href":"view_diet_dietIntakeReminderScreen/view_diet_dietIntakeReminderScreen-library.html","kind":8,"overriddenDepth":0,"packageRank":0,"desc":""},{"name":"DietIntakeReminderScreen","qualifiedName":"dietIntakeReminderScreen.DietIntakeReminderScreen","href":"view_diet_dietIntakeReminderScreen/DietIntakeReminderScreen-class.html","kind":3,"overriddenDepth":0,"packageRank":0,"desc":"","enclosedBy":{"name":"dietIntakeReminderScreen","kind":8,"href":"view_diet_dietIntakeReminderScreen/view_diet_dietIntakeReminderScreen-library.html"}},{"name":"DietIntakeReminderScreen","qualifiedName":"dietIntakeReminderScreen.DietIntakeReminderScreen.DietIntakeReminderScreen","href":"view_diet_dietIntakeReminderScreen/DietIntakeReminderScreen/DietIntakeReminderScreen.html","kind":2,"overriddenDepth":0,"packageRank":0,"desc":"","enclosedBy":{"name":"DietIntakeReminderScreen","kind":3,"href":"view_diet_dietIntakeReminderScreen/DietIntakeReminderScreen-class.html"}},{"name":"createState","qualifiedName":"dietIntakeReminderScreen.DietIntakeReminderScreen.createState","href":"view_diet_dietIntakeReminderScreen/DietIntakeReminderScreen/createState.html","kind":9,"overriddenDepth":1,"packageRank":0,"desc":"Creates the mutable state for this widget at a given location in the tree.","enclosedBy":{"name":"DietIntakeReminderScreen","kind":3,"href":"view_diet_dietIntakeReminderScreen/DietIntakeReminderScreen-class.html"}},{"name":"dietIntakeScreen","qualifiedName":"dietIntakeScreen","href":"view_diet_dietIntakeScreen/view_diet_dietIntakeScreen-library.html","kind":8,"overriddenDepth":0,"packageRank":0,"desc":""},{"name":"DietIntakeScreen","qualifiedName":"dietIntakeScreen.DietIntakeScreen","href":"view_diet_dietIntakeScreen/DietIntakeScreen-class.html","kind":3,"overriddenDepth":0,"packageRank":0,"desc":"","enclosedBy":{"name":"dietIntakeScreen","kind":8,"href":"view_diet_dietIntakeScreen/view_diet_dietIntakeScreen-library.html"}},{"name":"DietIntakeScreen","qualifiedName":"dietIntakeScreen.DietIntakeScreen.DietIntakeScreen","href":"view_diet_dietIntakeScreen/DietIntakeScreen/DietIntakeScreen.html","kind":2,"overriddenDepth":0,"packageRank":0,"desc":"","enclosedBy":{"name":"DietIntakeScreen","kind":3,"href":"view_diet_dietIntakeScreen/DietIntakeScreen-class.html"}},{"name":"createState","qualifiedName":"dietIntakeScreen.DietIntakeScreen.createState","href":"view_diet_dietIntakeScreen/DietIntakeScreen/createState.html","kind":9,"overriddenDepth":1,"packageRank":0,"desc":"Creates the mutable state for this widget at a given location in the tree.","enclosedBy":{"name":"DietIntakeScreen","kind":3,"href":"view_diet_dietIntakeScreen/DietIntakeScreen-class.html"}},{"name":"dietRecord","qualifiedName":"dietRecord","href":"model_dietRecord/model_dietRecord-library.html","kind":8,"overriddenDepth":0,"packageRank":0,"desc":""},{"name":"DietRecord","qualifiedName":"dietRecord.DietRecord","href":"model_dietRecord/DietRecord-class.html","kind":3,"overriddenDepth":0,"packageRank":0,"desc":"","enclosedBy":{"name":"dietRecord","kind":8,"href":"model_dietRecord/model_dietRecord-library.html"}},{"name":"DietRecord","qualifiedName":"dietRecord.DietRecord.DietRecord","href":"model_dietRecord/DietRecord/DietRecord.html","kind":2,"overriddenDepth":0,"packageRank":0,"desc":"","enclosedBy":{"name":"DietRecord","kind":3,"href":"model_dietRecord/DietRecord-class.html"}},{"name":"current","qualifiedName":"dietRecord.DietRecord.current","href":"model_dietRecord/DietRecord/current.html","kind":15,"overriddenDepth":0,"packageRank":0,"desc":"","enclosedBy":{"name":"DietRecord","kind":3,"href":"model_dietRecord/DietRecord-class.html"}},{"name":"currentUnit","qualifiedName":"dietRecord.DietRecord.currentUnit","href":"model_dietRecord/DietRecord/currentUnit.html","kind":15,"overriddenDepth":0,"packageRank":0,"desc":"","enclosedBy":{"name":"DietRecord","kind":3,"href":"model_dietRecord/DietRecord-class.html"}},{"name":"DietRecord.fromDocument","qualifiedName":"dietRecord.DietRecord.fromDocument","href":"model_dietRecord/DietRecord/DietRecord.fromDocument.html","kind":2,"overriddenDepth":0,"packageRank":0,"desc":"","enclosedBy":{"name":"DietRecord","kind":3,"href":"model_dietRecord/DietRecord-class.html"}},{"name":"goal","qualifiedName":"dietRecord.DietRecord.goal","href":"model_dietRecord/DietRecord/goal.html","kind":15,"overriddenDepth":0,"packageRank":0,"desc":"","enclosedBy":{"name":"DietRecord","kind":3,"href":"model_dietRecord/DietRecord-class.html"}},{"name":"goalUnit","qualifiedName":"dietRecord.DietRecord.goalUnit","href":"model_dietRecord/DietRecord/goalUnit.html","kind":15,"overriddenDepth":0,"packageRank":0,"desc":"","enclosedBy":{"name":"DietRecord","kind":3,"href":"model_dietRecord/DietRecord-class.html"}},{"name":"id","qualifiedName":"dietRecord.DietRecord.id","href":"model_dietRecord/DietRecord/id.html","kind":15,"overriddenDepth":0,"packageRank":0,"desc":"","enclosedBy":{"name":"DietRecord","kind":3,"href":"model_dietRecord/DietRecord-class.html"}},{"name":"toJson","qualifiedName":"dietRecord.DietRecord.toJson","href":"model_dietRecord/DietRecord/toJson.html","kind":9,"overriddenDepth":0,"packageRank":0,"desc":"","enclosedBy":{"name":"DietRecord","kind":3,"href":"model_dietRecord/DietRecord-class.html"}},{"name":"dietReportScreen","qualifiedName":"dietReportScreen","href":"view_report_dietReportScreen/view_report_dietReportScreen-library.html","kind":8,"overriddenDepth":0,"packageRank":0,"desc":""},{"name":"DietReportScreen","qualifiedName":"dietReportScreen.DietReportScreen","href":"view_report_dietReportScreen/DietReportScreen-class.html","kind":3,"overriddenDepth":0,"packageRank":0,"desc":"","enclosedBy":{"name":"dietReportScreen","kind":8,"href":"view_report_dietReportScreen/view_report_dietReportScreen-library.html"}},{"name":"DietReportScreen","qualifiedName":"dietReportScreen.DietReportScreen.DietReportScreen","href":"view_report_dietReportScreen/DietReportScreen/DietReportScreen.html","kind":2,"overriddenDepth":0,"packageRank":0,"desc":"","enclosedBy":{"name":"DietReportScreen","kind":3,"href":"view_report_dietReportScreen/DietReportScreen-class.html"}},{"name":"createState","qualifiedName":"dietReportScreen.DietReportScreen.createState","href":"view_report_dietReportScreen/DietReportScreen/createState.html","kind":9,"overriddenDepth":1,"packageRank":0,"desc":"Creates the mutable state for this widget at a given location in the tree.","enclosedBy":{"name":"DietReportScreen","kind":3,"href":"view_report_dietReportScreen/DietReportScreen-class.html"}},{"name":"firebase_options","qualifiedName":"firebase_options","href":"firebase_options/firebase_options-library.html","kind":8,"overriddenDepth":0,"packageRank":0,"desc":""},{"name":"DefaultFirebaseOptions","qualifiedName":"firebase_options.DefaultFirebaseOptions","href":"firebase_options/DefaultFirebaseOptions-class.html","kind":3,"overriddenDepth":0,"packageRank":0,"desc":"Default FirebaseOptions for use with your Firebase apps.","enclosedBy":{"name":"firebase_options","kind":8,"href":"firebase_options/firebase_options-library.html"}},{"name":"DefaultFirebaseOptions","qualifiedName":"firebase_options.DefaultFirebaseOptions.DefaultFirebaseOptions","href":"firebase_options/DefaultFirebaseOptions/DefaultFirebaseOptions.html","kind":2,"overriddenDepth":0,"packageRank":0,"desc":"","enclosedBy":{"name":"DefaultFirebaseOptions","kind":3,"href":"firebase_options/DefaultFirebaseOptions-class.html"}},{"name":"android","qualifiedName":"firebase_options.DefaultFirebaseOptions.android","href":"firebase_options/DefaultFirebaseOptions/android-constant.html","kind":1,"overriddenDepth":0,"packageRank":0,"desc":"","enclosedBy":{"name":"DefaultFirebaseOptions","kind":3,"href":"firebase_options/DefaultFirebaseOptions-class.html"}},{"name":"currentPlatform","qualifiedName":"firebase_options.DefaultFirebaseOptions.currentPlatform","href":"firebase_options/DefaultFirebaseOptions/currentPlatform.html","kind":15,"overriddenDepth":0,"packageRank":0,"desc":"","enclosedBy":{"name":"DefaultFirebaseOptions","kind":3,"href":"firebase_options/DefaultFirebaseOptions-class.html"}},{"name":"ios","qualifiedName":"firebase_options.DefaultFirebaseOptions.ios","href":"firebase_options/DefaultFirebaseOptions/ios-constant.html","kind":1,"overriddenDepth":0,"packageRank":0,"desc":"","enclosedBy":{"name":"DefaultFirebaseOptions","kind":3,"href":"firebase_options/DefaultFirebaseOptions-class.html"}},{"name":"macos","qualifiedName":"firebase_options.DefaultFirebaseOptions.macos","href":"firebase_options/DefaultFirebaseOptions/macos-constant.html","kind":1,"overriddenDepth":0,"packageRank":0,"desc":"","enclosedBy":{"name":"DefaultFirebaseOptions","kind":3,"href":"firebase_options/DefaultFirebaseOptions-class.html"}},{"name":"web","qualifiedName":"firebase_options.DefaultFirebaseOptions.web","href":"firebase_options/DefaultFirebaseOptions/web-constant.html","kind":1,"overriddenDepth":0,"packageRank":0,"desc":"","enclosedBy":{"name":"DefaultFirebaseOptions","kind":3,"href":"firebase_options/DefaultFirebaseOptions-class.html"}},{"name":"fitbitterSignIn","qualifiedName":"fitbitterSignIn","href":"view_login_fitbitterSignIn/view_login_fitbitterSignIn-library.html","kind":8,"overriddenDepth":0,"packageRank":0,"desc":""},{"name":"FitbitSignInHandler","qualifiedName":"fitbitterSignIn.FitbitSignInHandler","href":"view_login_fitbitterSignIn/FitbitSignInHandler-class.html","kind":3,"overriddenDepth":0,"packageRank":0,"desc":"","enclosedBy":{"name":"fitbitterSignIn","kind":8,"href":"view_login_fitbitterSignIn/view_login_fitbitterSignIn-library.html"}},{"name":"FitbitSignInHandler","qualifiedName":"fitbitterSignIn.FitbitSignInHandler.FitbitSignInHandler","href":"view_login_fitbitterSignIn/FitbitSignInHandler/FitbitSignInHandler.html","kind":2,"overriddenDepth":0,"packageRank":0,"desc":"","enclosedBy":{"name":"FitbitSignInHandler","kind":3,"href":"view_login_fitbitterSignIn/FitbitSignInHandler-class.html"}},{"name":"callbackUrlScheme","qualifiedName":"fitbitterSignIn.FitbitSignInHandler.callbackUrlScheme","href":"view_login_fitbitterSignIn/FitbitSignInHandler/callbackUrlScheme-constant.html","kind":1,"overriddenDepth":0,"packageRank":0,"desc":"","enclosedBy":{"name":"FitbitSignInHandler","kind":3,"href":"view_login_fitbitterSignIn/FitbitSignInHandler-class.html"}},{"name":"clientID","qualifiedName":"fitbitterSignIn.FitbitSignInHandler.clientID","href":"view_login_fitbitterSignIn/FitbitSignInHandler/clientID-constant.html","kind":1,"overriddenDepth":0,"packageRank":0,"desc":"","enclosedBy":{"name":"FitbitSignInHandler","kind":3,"href":"view_login_fitbitterSignIn/FitbitSignInHandler-class.html"}},{"name":"clientSecret","qualifiedName":"fitbitterSignIn.FitbitSignInHandler.clientSecret","href":"view_login_fitbitterSignIn/FitbitSignInHandler/clientSecret-constant.html","kind":1,"overriddenDepth":0,"packageRank":0,"desc":"","enclosedBy":{"name":"FitbitSignInHandler","kind":3,"href":"view_login_fitbitterSignIn/FitbitSignInHandler-class.html"}},{"name":"redirectUri","qualifiedName":"fitbitterSignIn.FitbitSignInHandler.redirectUri","href":"view_login_fitbitterSignIn/FitbitSignInHandler/redirectUri-constant.html","kind":1,"overriddenDepth":0,"packageRank":0,"desc":"","enclosedBy":{"name":"FitbitSignInHandler","kind":3,"href":"view_login_fitbitterSignIn/FitbitSignInHandler-class.html"}},{"name":"signInWithFitbit","qualifiedName":"fitbitterSignIn.FitbitSignInHandler.signInWithFitbit","href":"view_login_fitbitterSignIn/FitbitSignInHandler/signInWithFitbit.html","kind":9,"overriddenDepth":0,"packageRank":0,"desc":"","enclosedBy":{"name":"FitbitSignInHandler","kind":3,"href":"view_login_fitbitterSignIn/FitbitSignInHandler-class.html"}},{"name":"homeScreen","qualifiedName":"homeScreen","href":"view_homeScreen/view_homeScreen-library.html","kind":8,"overriddenDepth":0,"packageRank":0,"desc":""},{"name":"HomeScreen","qualifiedName":"homeScreen.HomeScreen","href":"view_homeScreen/HomeScreen-class.html","kind":3,"overriddenDepth":0,"packageRank":0,"desc":"","enclosedBy":{"name":"homeScreen","kind":8,"href":"view_homeScreen/view_homeScreen-library.html"}},{"name":"HomeScreen","qualifiedName":"homeScreen.HomeScreen.HomeScreen","href":"view_homeScreen/HomeScreen/HomeScreen.html","kind":2,"overriddenDepth":0,"packageRank":0,"desc":"","enclosedBy":{"name":"HomeScreen","kind":3,"href":"view_homeScreen/HomeScreen-class.html"}},{"name":"createState","qualifiedName":"homeScreen.HomeScreen.createState","href":"view_homeScreen/HomeScreen/createState.html","kind":9,"overriddenDepth":1,"packageRank":0,"desc":"Creates the mutable state for this widget at a given location in the tree.","enclosedBy":{"name":"HomeScreen","kind":3,"href":"view_homeScreen/HomeScreen-class.html"}},{"name":"main","qualifiedName":"main","href":"main/main-library.html","kind":8,"overriddenDepth":0,"packageRank":0,"desc":""},{"name":"clientId","qualifiedName":"main.clientId","href":"main/clientId-constant.html","kind":18,"overriddenDepth":0,"packageRank":0,"desc":"","enclosedBy":{"name":"main","kind":8,"href":"main/main-library.html"}},{"name":"flutterLocalNotificationsPlugin","qualifiedName":"main.flutterLocalNotificationsPlugin","href":"main/flutterLocalNotificationsPlugin.html","kind":19,"overriddenDepth":0,"packageRank":0,"desc":"","enclosedBy":{"name":"main","kind":8,"href":"main/main-library.html"}},{"name":"main","qualifiedName":"main.main","href":"main/main.html","kind":7,"overriddenDepth":0,"packageRank":0,"desc":"","enclosedBy":{"name":"main","kind":8,"href":"main/main-library.html"}},{"name":"periodMainScreen","qualifiedName":"periodMainScreen","href":"view_period_periodMainScreen/view_period_periodMainScreen-library.html","kind":8,"overriddenDepth":0,"packageRank":0,"desc":""},{"name":"PeriodCalendarPage","qualifiedName":"periodMainScreen.PeriodCalendarPage","href":"view_period_periodMainScreen/PeriodCalendarPage-class.html","kind":3,"overriddenDepth":0,"packageRank":0,"desc":"","enclosedBy":{"name":"periodMainScreen","kind":8,"href":"view_period_periodMainScreen/view_period_periodMainScreen-library.html"}},{"name":"PeriodCalendarPage","qualifiedName":"periodMainScreen.PeriodCalendarPage.PeriodCalendarPage","href":"view_period_periodMainScreen/PeriodCalendarPage/PeriodCalendarPage.html","kind":2,"overriddenDepth":0,"packageRank":0,"desc":"","enclosedBy":{"name":"PeriodCalendarPage","kind":3,"href":"view_period_periodMainScreen/PeriodCalendarPage-class.html"}},{"name":"createState","qualifiedName":"periodMainScreen.PeriodCalendarPage.createState","href":"view_period_periodMainScreen/PeriodCalendarPage/createState.html","kind":9,"overriddenDepth":1,"packageRank":0,"desc":"Creates the mutable state for this widget at a given location in the tree.","enclosedBy":{"name":"PeriodCalendarPage","kind":3,"href":"view_period_periodMainScreen/PeriodCalendarPage-class.html"}},{"name":"periodReminderScreen","qualifiedName":"periodReminderScreen","href":"view_period_periodReminderScreen/view_period_periodReminderScreen-library.html","kind":8,"overriddenDepth":0,"packageRank":0,"desc":""},{"name":"PeriodReminderScreen","qualifiedName":"periodReminderScreen.PeriodReminderScreen","href":"view_period_periodReminderScreen/PeriodReminderScreen-class.html","kind":3,"overriddenDepth":0,"packageRank":0,"desc":"","enclosedBy":{"name":"periodReminderScreen","kind":8,"href":"view_period_periodReminderScreen/view_period_periodReminderScreen-library.html"}},{"name":"PeriodReminderScreen","qualifiedName":"periodReminderScreen.PeriodReminderScreen.PeriodReminderScreen","href":"view_period_periodReminderScreen/PeriodReminderScreen/PeriodReminderScreen.html","kind":2,"overriddenDepth":0,"packageRank":0,"desc":"","enclosedBy":{"name":"PeriodReminderScreen","kind":3,"href":"view_period_periodReminderScreen/PeriodReminderScreen-class.html"}},{"name":"createState","qualifiedName":"periodReminderScreen.PeriodReminderScreen.createState","href":"view_period_periodReminderScreen/PeriodReminderScreen/createState.html","kind":9,"overriddenDepth":1,"packageRank":0,"desc":"Creates the mutable state for this widget at a given location in the tree.","enclosedBy":{"name":"PeriodReminderScreen","kind":3,"href":"view_period_periodReminderScreen/PeriodReminderScreen-class.html"}},{"name":"periodTrendScreen","qualifiedName":"periodTrendScreen","href":"view_period_periodTrendScreen/view_period_periodTrendScreen-library.html","kind":8,"overriddenDepth":0,"packageRank":0,"desc":""},{"name":"PeriodTrendScreen","qualifiedName":"periodTrendScreen.PeriodTrendScreen","href":"view_period_periodTrendScreen/PeriodTrendScreen-class.html","kind":3,"overriddenDepth":0,"packageRank":0,"desc":"","enclosedBy":{"name":"periodTrendScreen","kind":8,"href":"view_period_periodTrendScreen/view_period_periodTrendScreen-library.html"}},{"name":"PeriodTrendScreen","qualifiedName":"periodTrendScreen.PeriodTrendScreen.PeriodTrendScreen","href":"view_period_periodTrendScreen/PeriodTrendScreen/PeriodTrendScreen.html","kind":2,"overriddenDepth":0,"packageRank":0,"desc":"","enclosedBy":{"name":"PeriodTrendScreen","kind":3,"href":"view_period_periodTrendScreen/PeriodTrendScreen-class.html"}},{"name":"createState","qualifiedName":"periodTrendScreen.PeriodTrendScreen.createState","href":"view_period_periodTrendScreen/PeriodTrendScreen/createState.html","kind":9,"overriddenDepth":1,"packageRank":0,"desc":"Creates the mutable state for this widget at a given location in the tree.","enclosedBy":{"name":"PeriodTrendScreen","kind":3,"href":"view_period_periodTrendScreen/PeriodTrendScreen-class.html"}},{"name":"reportHomeScreen","qualifiedName":"reportHomeScreen","href":"view_report_reportHomeScreen/view_report_reportHomeScreen-library.html","kind":8,"overriddenDepth":0,"packageRank":0,"desc":""},{"name":"ReportHomeScreen","qualifiedName":"reportHomeScreen.ReportHomeScreen","href":"view_report_reportHomeScreen/ReportHomeScreen-class.html","kind":3,"overriddenDepth":0,"packageRank":0,"desc":"","enclosedBy":{"name":"reportHomeScreen","kind":8,"href":"view_report_reportHomeScreen/view_report_reportHomeScreen-library.html"}},{"name":"ReportHomeScreen","qualifiedName":"reportHomeScreen.ReportHomeScreen.ReportHomeScreen","href":"view_report_reportHomeScreen/ReportHomeScreen/ReportHomeScreen.html","kind":2,"overriddenDepth":0,"packageRank":0,"desc":"","enclosedBy":{"name":"ReportHomeScreen","kind":3,"href":"view_report_reportHomeScreen/ReportHomeScreen-class.html"}},{"name":"createState","qualifiedName":"reportHomeScreen.ReportHomeScreen.createState","href":"view_report_reportHomeScreen/ReportHomeScreen/createState.html","kind":9,"overriddenDepth":1,"packageRank":0,"desc":"Creates the mutable state for this widget at a given location in the tree.","enclosedBy":{"name":"ReportHomeScreen","kind":3,"href":"view_report_reportHomeScreen/ReportHomeScreen-class.html"}},{"name":"signInScreen","qualifiedName":"signInScreen","href":"view_login_signInScreen/view_login_signInScreen-library.html","kind":8,"overriddenDepth":0,"packageRank":0,"desc":""},{"name":"SignInScreen","qualifiedName":"signInScreen.SignInScreen","href":"view_login_signInScreen/SignInScreen-class.html","kind":3,"overriddenDepth":0,"packageRank":0,"desc":"","enclosedBy":{"name":"signInScreen","kind":8,"href":"view_login_signInScreen/view_login_signInScreen-library.html"}},{"name":"SignInScreen","qualifiedName":"signInScreen.SignInScreen.SignInScreen","href":"view_login_signInScreen/SignInScreen/SignInScreen.html","kind":2,"overriddenDepth":0,"packageRank":0,"desc":"","enclosedBy":{"name":"SignInScreen","kind":3,"href":"view_login_signInScreen/SignInScreen-class.html"}},{"name":"createState","qualifiedName":"signInScreen.SignInScreen.createState","href":"view_login_signInScreen/SignInScreen/createState.html","kind":9,"overriddenDepth":1,"packageRank":0,"desc":"Creates the mutable state for this widget at a given location in the tree.","enclosedBy":{"name":"SignInScreen","kind":3,"href":"view_login_signInScreen/SignInScreen-class.html"}},{"name":"signUpScreen","qualifiedName":"signUpScreen","href":"view_login_signUpScreen/view_login_signUpScreen-library.html","kind":8,"overriddenDepth":0,"packageRank":0,"desc":""},{"name":"SignUpScreen","qualifiedName":"signUpScreen.SignUpScreen","href":"view_login_signUpScreen/SignUpScreen-class.html","kind":3,"overriddenDepth":0,"packageRank":0,"desc":"","enclosedBy":{"name":"signUpScreen","kind":8,"href":"view_login_signUpScreen/view_login_signUpScreen-library.html"}},{"name":"SignUpScreen","qualifiedName":"signUpScreen.SignUpScreen.SignUpScreen","href":"view_login_signUpScreen/SignUpScreen/SignUpScreen.html","kind":2,"overriddenDepth":0,"packageRank":0,"desc":"","enclosedBy":{"name":"SignUpScreen","kind":3,"href":"view_login_signUpScreen/SignUpScreen-class.html"}},{"name":"createState","qualifiedName":"signUpScreen.SignUpScreen.createState","href":"view_login_signUpScreen/SignUpScreen/createState.html","kind":9,"overriddenDepth":1,"packageRank":0,"desc":"Creates the mutable state for this widget at a given location in the tree.","enclosedBy":{"name":"SignUpScreen","kind":3,"href":"view_login_signUpScreen/SignUpScreen-class.html"}},{"name":"sleep","qualifiedName":"sleep","href":"model_sleep/model_sleep-library.html","kind":8,"overriddenDepth":0,"packageRank":0,"desc":""},{"name":"Sleep","qualifiedName":"sleep.Sleep","href":"model_sleep/Sleep-class.html","kind":3,"overriddenDepth":0,"packageRank":0,"desc":"","enclosedBy":{"name":"sleep","kind":8,"href":"model_sleep/model_sleep-library.html"}},{"name":"Sleep","qualifiedName":"sleep.Sleep.Sleep","href":"model_sleep/Sleep/Sleep.html","kind":2,"overriddenDepth":0,"packageRank":0,"desc":"","enclosedBy":{"name":"Sleep","kind":3,"href":"model_sleep/Sleep-class.html"}},{"name":"Sleep.fromSnapshot","qualifiedName":"sleep.Sleep.fromSnapshot","href":"model_sleep/Sleep/Sleep.fromSnapshot.html","kind":2,"overriddenDepth":0,"packageRank":0,"desc":"","enclosedBy":{"name":"Sleep","kind":3,"href":"model_sleep/Sleep-class.html"}},{"name":"records","qualifiedName":"sleep.Sleep.records","href":"model_sleep/Sleep/records.html","kind":15,"overriddenDepth":0,"packageRank":0,"desc":"","enclosedBy":{"name":"Sleep","kind":3,"href":"model_sleep/Sleep-class.html"}},{"name":"toJson","qualifiedName":"sleep.Sleep.toJson","href":"model_sleep/Sleep/toJson.html","kind":9,"overriddenDepth":0,"packageRank":0,"desc":"","enclosedBy":{"name":"Sleep","kind":3,"href":"model_sleep/Sleep-class.html"}},{"name":"userId","qualifiedName":"sleep.Sleep.userId","href":"model_sleep/Sleep/userId.html","kind":15,"overriddenDepth":0,"packageRank":0,"desc":"","enclosedBy":{"name":"Sleep","kind":3,"href":"model_sleep/Sleep-class.html"}},{"name":"sleepRecord","qualifiedName":"sleepRecord","href":"model_sleepRecord/model_sleepRecord-library.html","kind":8,"overriddenDepth":0,"packageRank":0,"desc":""},{"name":"SleepRecord","qualifiedName":"sleepRecord.SleepRecord","href":"model_sleepRecord/SleepRecord-class.html","kind":3,"overriddenDepth":0,"packageRank":0,"desc":"","enclosedBy":{"name":"sleepRecord","kind":8,"href":"model_sleepRecord/model_sleepRecord-library.html"}},{"name":"SleepRecord","qualifiedName":"sleepRecord.SleepRecord.SleepRecord","href":"model_sleepRecord/SleepRecord/SleepRecord.html","kind":2,"overriddenDepth":0,"packageRank":0,"desc":"","enclosedBy":{"name":"SleepRecord","kind":3,"href":"model_sleepRecord/SleepRecord-class.html"}},{"name":"current","qualifiedName":"sleepRecord.SleepRecord.current","href":"model_sleepRecord/SleepRecord/current.html","kind":15,"overriddenDepth":0,"packageRank":0,"desc":"","enclosedBy":{"name":"SleepRecord","kind":3,"href":"model_sleepRecord/SleepRecord-class.html"}},{"name":"SleepRecord.fromDocument","qualifiedName":"sleepRecord.SleepRecord.fromDocument","href":"model_sleepRecord/SleepRecord/SleepRecord.fromDocument.html","kind":2,"overriddenDepth":0,"packageRank":0,"desc":"","enclosedBy":{"name":"SleepRecord","kind":3,"href":"model_sleepRecord/SleepRecord-class.html"}},{"name":"goal","qualifiedName":"sleepRecord.SleepRecord.goal","href":"model_sleepRecord/SleepRecord/goal.html","kind":15,"overriddenDepth":0,"packageRank":0,"desc":"","enclosedBy":{"name":"SleepRecord","kind":3,"href":"model_sleepRecord/SleepRecord-class.html"}},{"name":"id","qualifiedName":"sleepRecord.SleepRecord.id","href":"model_sleepRecord/SleepRecord/id.html","kind":15,"overriddenDepth":0,"packageRank":0,"desc":"","enclosedBy":{"name":"SleepRecord","kind":3,"href":"model_sleepRecord/SleepRecord-class.html"}},{"name":"toJson","qualifiedName":"sleepRecord.SleepRecord.toJson","href":"model_sleepRecord/SleepRecord/toJson.html","kind":9,"overriddenDepth":0,"packageRank":0,"desc":"","enclosedBy":{"name":"SleepRecord","kind":3,"href":"model_sleepRecord/SleepRecord-class.html"}},{"name":"sleepReportScreen","qualifiedName":"sleepReportScreen","href":"view_report_sleepReportScreen/view_report_sleepReportScreen-library.html","kind":8,"overriddenDepth":0,"packageRank":0,"desc":""},{"name":"SleepReportScreen","qualifiedName":"sleepReportScreen.SleepReportScreen","href":"view_report_sleepReportScreen/SleepReportScreen-class.html","kind":3,"overriddenDepth":0,"packageRank":0,"desc":"","enclosedBy":{"name":"sleepReportScreen","kind":8,"href":"view_report_sleepReportScreen/view_report_sleepReportScreen-library.html"}},{"name":"SleepReportScreen","qualifiedName":"sleepReportScreen.SleepReportScreen.SleepReportScreen","href":"view_report_sleepReportScreen/SleepReportScreen/SleepReportScreen.html","kind":2,"overriddenDepth":0,"packageRank":0,"desc":"","enclosedBy":{"name":"SleepReportScreen","kind":3,"href":"view_report_sleepReportScreen/SleepReportScreen-class.html"}},{"name":"createState","qualifiedName":"sleepReportScreen.SleepReportScreen.createState","href":"view_report_sleepReportScreen/SleepReportScreen/createState.html","kind":9,"overriddenDepth":1,"packageRank":0,"desc":"Creates the mutable state for this widget at a given location in the tree.","enclosedBy":{"name":"SleepReportScreen","kind":3,"href":"view_report_sleepReportScreen/SleepReportScreen-class.html"}},{"name":"sleepTimeCalendarScreen","qualifiedName":"sleepTimeCalendarScreen","href":"view_sleep_sleepTimeCalendarScreen/view_sleep_sleepTimeCalendarScreen-library.html","kind":8,"overriddenDepth":0,"packageRank":0,"desc":""},{"name":"SleepTimeCalendarScreen","qualifiedName":"sleepTimeCalendarScreen.SleepTimeCalendarScreen","href":"view_sleep_sleepTimeCalendarScreen/SleepTimeCalendarScreen-class.html","kind":3,"overriddenDepth":0,"packageRank":0,"desc":"","enclosedBy":{"name":"sleepTimeCalendarScreen","kind":8,"href":"view_sleep_sleepTimeCalendarScreen/view_sleep_sleepTimeCalendarScreen-library.html"}},{"name":"SleepTimeCalendarScreen","qualifiedName":"sleepTimeCalendarScreen.SleepTimeCalendarScreen.SleepTimeCalendarScreen","href":"view_sleep_sleepTimeCalendarScreen/SleepTimeCalendarScreen/SleepTimeCalendarScreen.html","kind":2,"overriddenDepth":0,"packageRank":0,"desc":"","enclosedBy":{"name":"SleepTimeCalendarScreen","kind":3,"href":"view_sleep_sleepTimeCalendarScreen/SleepTimeCalendarScreen-class.html"}},{"name":"createState","qualifiedName":"sleepTimeCalendarScreen.SleepTimeCalendarScreen.createState","href":"view_sleep_sleepTimeCalendarScreen/SleepTimeCalendarScreen/createState.html","kind":9,"overriddenDepth":1,"packageRank":0,"desc":"Creates the mutable state for this widget at a given location in the tree.","enclosedBy":{"name":"SleepTimeCalendarScreen","kind":3,"href":"view_sleep_sleepTimeCalendarScreen/SleepTimeCalendarScreen-class.html"}},{"name":"sleepTimeGoalScreen","qualifiedName":"sleepTimeGoalScreen","href":"view_sleep_sleepTimeGoalScreen/view_sleep_sleepTimeGoalScreen-library.html","kind":8,"overriddenDepth":0,"packageRank":0,"desc":""},{"name":"SleepTimeGoalScreen","qualifiedName":"sleepTimeGoalScreen.SleepTimeGoalScreen","href":"view_sleep_sleepTimeGoalScreen/SleepTimeGoalScreen-class.html","kind":3,"overriddenDepth":0,"packageRank":0,"desc":"","enclosedBy":{"name":"sleepTimeGoalScreen","kind":8,"href":"view_sleep_sleepTimeGoalScreen/view_sleep_sleepTimeGoalScreen-library.html"}},{"name":"SleepTimeGoalScreen","qualifiedName":"sleepTimeGoalScreen.SleepTimeGoalScreen.SleepTimeGoalScreen","href":"view_sleep_sleepTimeGoalScreen/SleepTimeGoalScreen/SleepTimeGoalScreen.html","kind":2,"overriddenDepth":0,"packageRank":0,"desc":"","enclosedBy":{"name":"SleepTimeGoalScreen","kind":3,"href":"view_sleep_sleepTimeGoalScreen/SleepTimeGoalScreen-class.html"}},{"name":"createState","qualifiedName":"sleepTimeGoalScreen.SleepTimeGoalScreen.createState","href":"view_sleep_sleepTimeGoalScreen/SleepTimeGoalScreen/createState.html","kind":9,"overriddenDepth":1,"packageRank":0,"desc":"Creates the mutable state for this widget at a given location in the tree.","enclosedBy":{"name":"SleepTimeGoalScreen","kind":3,"href":"view_sleep_sleepTimeGoalScreen/SleepTimeGoalScreen-class.html"}},{"name":"sleepTimeRecordScreen","qualifiedName":"sleepTimeRecordScreen","href":"view_sleep_sleepTimeRecordScreen/view_sleep_sleepTimeRecordScreen-library.html","kind":8,"overriddenDepth":0,"packageRank":0,"desc":""},{"name":"SleepTimeRecordScreen","qualifiedName":"sleepTimeRecordScreen.SleepTimeRecordScreen","href":"view_sleep_sleepTimeRecordScreen/SleepTimeRecordScreen-class.html","kind":3,"overriddenDepth":0,"packageRank":0,"desc":"","enclosedBy":{"name":"sleepTimeRecordScreen","kind":8,"href":"view_sleep_sleepTimeRecordScreen/view_sleep_sleepTimeRecordScreen-library.html"}},{"name":"SleepTimeRecordScreen","qualifiedName":"sleepTimeRecordScreen.SleepTimeRecordScreen.SleepTimeRecordScreen","href":"view_sleep_sleepTimeRecordScreen/SleepTimeRecordScreen/SleepTimeRecordScreen.html","kind":2,"overriddenDepth":0,"packageRank":0,"desc":"","enclosedBy":{"name":"SleepTimeRecordScreen","kind":3,"href":"view_sleep_sleepTimeRecordScreen/SleepTimeRecordScreen-class.html"}},{"name":"createState","qualifiedName":"sleepTimeRecordScreen.SleepTimeRecordScreen.createState","href":"view_sleep_sleepTimeRecordScreen/SleepTimeRecordScreen/createState.html","kind":9,"overriddenDepth":1,"packageRank":0,"desc":"Creates the mutable state for this widget at a given location in the tree.","enclosedBy":{"name":"SleepTimeRecordScreen","kind":3,"href":"view_sleep_sleepTimeRecordScreen/SleepTimeRecordScreen-class.html"}},{"name":"sleepTimeReminderScreen","qualifiedName":"sleepTimeReminderScreen","href":"view_sleep_sleepTimeReminderScreen/view_sleep_sleepTimeReminderScreen-library.html","kind":8,"overriddenDepth":0,"packageRank":0,"desc":""},{"name":"SleepTimeReminderScreen","qualifiedName":"sleepTimeReminderScreen.SleepTimeReminderScreen","href":"view_sleep_sleepTimeReminderScreen/SleepTimeReminderScreen-class.html","kind":3,"overriddenDepth":0,"packageRank":0,"desc":"","enclosedBy":{"name":"sleepTimeReminderScreen","kind":8,"href":"view_sleep_sleepTimeReminderScreen/view_sleep_sleepTimeReminderScreen-library.html"}},{"name":"SleepTimeReminderScreen","qualifiedName":"sleepTimeReminderScreen.SleepTimeReminderScreen.SleepTimeReminderScreen","href":"view_sleep_sleepTimeReminderScreen/SleepTimeReminderScreen/SleepTimeReminderScreen.html","kind":2,"overriddenDepth":0,"packageRank":0,"desc":"","enclosedBy":{"name":"SleepTimeReminderScreen","kind":3,"href":"view_sleep_sleepTimeReminderScreen/SleepTimeReminderScreen-class.html"}},{"name":"createState","qualifiedName":"sleepTimeReminderScreen.SleepTimeReminderScreen.createState","href":"view_sleep_sleepTimeReminderScreen/SleepTimeReminderScreen/createState.html","kind":9,"overriddenDepth":1,"packageRank":0,"desc":"Creates the mutable state for this widget at a given location in the tree.","enclosedBy":{"name":"SleepTimeReminderScreen","kind":3,"href":"view_sleep_sleepTimeReminderScreen/SleepTimeReminderScreen-class.html"}},{"name":"sleepTimeScreen","qualifiedName":"sleepTimeScreen","href":"view_sleep_sleepTimeScreen/view_sleep_sleepTimeScreen-library.html","kind":8,"overriddenDepth":0,"packageRank":0,"desc":""},{"name":"SleepTimeScreen","qualifiedName":"sleepTimeScreen.SleepTimeScreen","href":"view_sleep_sleepTimeScreen/SleepTimeScreen-class.html","kind":3,"overriddenDepth":0,"packageRank":0,"desc":"","enclosedBy":{"name":"sleepTimeScreen","kind":8,"href":"view_sleep_sleepTimeScreen/view_sleep_sleepTimeScreen-library.html"}},{"name":"SleepTimeScreen","qualifiedName":"sleepTimeScreen.SleepTimeScreen.SleepTimeScreen","href":"view_sleep_sleepTimeScreen/SleepTimeScreen/SleepTimeScreen.html","kind":2,"overriddenDepth":0,"packageRank":0,"desc":"","enclosedBy":{"name":"SleepTimeScreen","kind":3,"href":"view_sleep_sleepTimeScreen/SleepTimeScreen-class.html"}},{"name":"createState","qualifiedName":"sleepTimeScreen.SleepTimeScreen.createState","href":"view_sleep_sleepTimeScreen/SleepTimeScreen/createState.html","kind":9,"overriddenDepth":1,"packageRank":0,"desc":"Creates the mutable state for this widget at a given location in the tree.","enclosedBy":{"name":"SleepTimeScreen","kind":3,"href":"view_sleep_sleepTimeScreen/SleepTimeScreen-class.html"}},{"name":"user","qualifiedName":"user","href":"model_user/model_user-library.html","kind":8,"overriddenDepth":0,"packageRank":0,"desc":""},{"name":"Users","qualifiedName":"user.Users","href":"model_user/Users-class.html","kind":3,"overriddenDepth":0,"packageRank":0,"desc":"","enclosedBy":{"name":"user","kind":8,"href":"model_user/model_user-library.html"}},{"name":"Users","qualifiedName":"user.Users.Users","href":"model_user/Users/Users.html","kind":2,"overriddenDepth":0,"packageRank":0,"desc":"","enclosedBy":{"name":"Users","kind":3,"href":"model_user/Users-class.html"}},{"name":"age","qualifiedName":"user.Users.age","href":"model_user/Users/age.html","kind":15,"overriddenDepth":0,"packageRank":0,"desc":"","enclosedBy":{"name":"Users","kind":3,"href":"model_user/Users-class.html"}},{"name":"cycleLength","qualifiedName":"user.Users.cycleLength","href":"model_user/Users/cycleLength.html","kind":15,"overriddenDepth":0,"packageRank":0,"desc":"","enclosedBy":{"name":"Users","kind":3,"href":"model_user/Users-class.html"}},{"name":"email","qualifiedName":"user.Users.email","href":"model_user/Users/email.html","kind":15,"overriddenDepth":0,"packageRank":0,"desc":"","enclosedBy":{"name":"Users","kind":3,"href":"model_user/Users-class.html"}},{"name":"Users.fromJson","qualifiedName":"user.Users.fromJson","href":"model_user/Users/Users.fromJson.html","kind":2,"overriddenDepth":0,"packageRank":0,"desc":"","enclosedBy":{"name":"Users","kind":3,"href":"model_user/Users-class.html"}},{"name":"height","qualifiedName":"user.Users.height","href":"model_user/Users/height.html","kind":15,"overriddenDepth":0,"packageRank":0,"desc":"","enclosedBy":{"name":"Users","kind":3,"href":"model_user/Users-class.html"}},{"name":"medicalCondition","qualifiedName":"user.Users.medicalCondition","href":"model_user/Users/medicalCondition.html","kind":15,"overriddenDepth":0,"packageRank":0,"desc":"","enclosedBy":{"name":"Users","kind":3,"href":"model_user/Users-class.html"}},{"name":"periodLength","qualifiedName":"user.Users.periodLength","href":"model_user/Users/periodLength.html","kind":15,"overriddenDepth":0,"packageRank":0,"desc":"","enclosedBy":{"name":"Users","kind":3,"href":"model_user/Users-class.html"}},{"name":"toJson","qualifiedName":"user.Users.toJson","href":"model_user/Users/toJson.html","kind":9,"overriddenDepth":0,"packageRank":0,"desc":"","enclosedBy":{"name":"Users","kind":3,"href":"model_user/Users-class.html"}},{"name":"userName","qualifiedName":"user.Users.userName","href":"model_user/Users/userName.html","kind":15,"overriddenDepth":0,"packageRank":0,"desc":"","enclosedBy":{"name":"Users","kind":3,"href":"model_user/Users-class.html"}},{"name":"weight","qualifiedName":"user.Users.weight","href":"model_user/Users/weight.html","kind":15,"overriddenDepth":0,"packageRank":0,"desc":"","enclosedBy":{"name":"Users","kind":3,"href":"model_user/Users-class.html"}},{"name":"water","qualifiedName":"water","href":"model_water/model_water-library.html","kind":8,"overriddenDepth":0,"packageRank":0,"desc":""},{"name":"Water","qualifiedName":"water.Water","href":"model_water/Water-class.html","kind":3,"overriddenDepth":0,"packageRank":0,"desc":"","enclosedBy":{"name":"water","kind":8,"href":"model_water/model_water-library.html"}},{"name":"Water","qualifiedName":"water.Water.Water","href":"model_water/Water/Water.html","kind":2,"overriddenDepth":0,"packageRank":0,"desc":"","enclosedBy":{"name":"Water","kind":3,"href":"model_water/Water-class.html"}},{"name":"Water.fromSnapshot","qualifiedName":"water.Water.fromSnapshot","href":"model_water/Water/Water.fromSnapshot.html","kind":2,"overriddenDepth":0,"packageRank":0,"desc":"","enclosedBy":{"name":"Water","kind":3,"href":"model_water/Water-class.html"}},{"name":"records","qualifiedName":"water.Water.records","href":"model_water/Water/records.html","kind":15,"overriddenDepth":0,"packageRank":0,"desc":"","enclosedBy":{"name":"Water","kind":3,"href":"model_water/Water-class.html"}},{"name":"toJson","qualifiedName":"water.Water.toJson","href":"model_water/Water/toJson.html","kind":9,"overriddenDepth":0,"packageRank":0,"desc":"","enclosedBy":{"name":"Water","kind":3,"href":"model_water/Water-class.html"}},{"name":"userId","qualifiedName":"water.Water.userId","href":"model_water/Water/userId.html","kind":15,"overriddenDepth":0,"packageRank":0,"desc":"","enclosedBy":{"name":"Water","kind":3,"href":"model_water/Water-class.html"}},{"name":"waterIntakeCalendarScreen","qualifiedName":"waterIntakeCalendarScreen","href":"view_waterIntake_waterIntakeCalendarScreen/view_waterIntake_waterIntakeCalendarScreen-library.html","kind":8,"overriddenDepth":0,"packageRank":0,"desc":""},{"name":"WaterIntakeCalendarScreen","qualifiedName":"waterIntakeCalendarScreen.WaterIntakeCalendarScreen","href":"view_waterIntake_waterIntakeCalendarScreen/WaterIntakeCalendarScreen-class.html","kind":3,"overriddenDepth":0,"packageRank":0,"desc":"","enclosedBy":{"name":"waterIntakeCalendarScreen","kind":8,"href":"view_waterIntake_waterIntakeCalendarScreen/view_waterIntake_waterIntakeCalendarScreen-library.html"}},{"name":"WaterIntakeCalendarScreen","qualifiedName":"waterIntakeCalendarScreen.WaterIntakeCalendarScreen.WaterIntakeCalendarScreen","href":"view_waterIntake_waterIntakeCalendarScreen/WaterIntakeCalendarScreen/WaterIntakeCalendarScreen.html","kind":2,"overriddenDepth":0,"packageRank":0,"desc":"","enclosedBy":{"name":"WaterIntakeCalendarScreen","kind":3,"href":"view_waterIntake_waterIntakeCalendarScreen/WaterIntakeCalendarScreen-class.html"}},{"name":"createState","qualifiedName":"waterIntakeCalendarScreen.WaterIntakeCalendarScreen.createState","href":"view_waterIntake_waterIntakeCalendarScreen/WaterIntakeCalendarScreen/createState.html","kind":9,"overriddenDepth":1,"packageRank":0,"desc":"Creates the mutable state for this widget at a given location in the tree.","enclosedBy":{"name":"WaterIntakeCalendarScreen","kind":3,"href":"view_waterIntake_waterIntakeCalendarScreen/WaterIntakeCalendarScreen-class.html"}},{"name":"waterIntakeGoalScreen","qualifiedName":"waterIntakeGoalScreen","href":"view_waterIntake_waterIntakeGoalScreen/view_waterIntake_waterIntakeGoalScreen-library.html","kind":8,"overriddenDepth":0,"packageRank":0,"desc":""},{"name":"WaterIntakeGoalScreen","qualifiedName":"waterIntakeGoalScreen.WaterIntakeGoalScreen","href":"view_waterIntake_waterIntakeGoalScreen/WaterIntakeGoalScreen-class.html","kind":3,"overriddenDepth":0,"packageRank":0,"desc":"","enclosedBy":{"name":"waterIntakeGoalScreen","kind":8,"href":"view_waterIntake_waterIntakeGoalScreen/view_waterIntake_waterIntakeGoalScreen-library.html"}},{"name":"WaterIntakeGoalScreen","qualifiedName":"waterIntakeGoalScreen.WaterIntakeGoalScreen.WaterIntakeGoalScreen","href":"view_waterIntake_waterIntakeGoalScreen/WaterIntakeGoalScreen/WaterIntakeGoalScreen.html","kind":2,"overriddenDepth":0,"packageRank":0,"desc":"","enclosedBy":{"name":"WaterIntakeGoalScreen","kind":3,"href":"view_waterIntake_waterIntakeGoalScreen/WaterIntakeGoalScreen-class.html"}},{"name":"createState","qualifiedName":"waterIntakeGoalScreen.WaterIntakeGoalScreen.createState","href":"view_waterIntake_waterIntakeGoalScreen/WaterIntakeGoalScreen/createState.html","kind":9,"overriddenDepth":1,"packageRank":0,"desc":"Creates the mutable state for this widget at a given location in the tree.","enclosedBy":{"name":"WaterIntakeGoalScreen","kind":3,"href":"view_waterIntake_waterIntakeGoalScreen/WaterIntakeGoalScreen-class.html"}},{"name":"waterIntakeRecordScreen","qualifiedName":"waterIntakeRecordScreen","href":"view_waterIntake_waterIntakeRecordScreen/view_waterIntake_waterIntakeRecordScreen-library.html","kind":8,"overriddenDepth":0,"packageRank":0,"desc":""},{"name":"WaterIntakeRecordScreen","qualifiedName":"waterIntakeRecordScreen.WaterIntakeRecordScreen","href":"view_waterIntake_waterIntakeRecordScreen/WaterIntakeRecordScreen-class.html","kind":3,"overriddenDepth":0,"packageRank":0,"desc":"","enclosedBy":{"name":"waterIntakeRecordScreen","kind":8,"href":"view_waterIntake_waterIntakeRecordScreen/view_waterIntake_waterIntakeRecordScreen-library.html"}},{"name":"WaterIntakeRecordScreen","qualifiedName":"waterIntakeRecordScreen.WaterIntakeRecordScreen.WaterIntakeRecordScreen","href":"view_waterIntake_waterIntakeRecordScreen/WaterIntakeRecordScreen/WaterIntakeRecordScreen.html","kind":2,"overriddenDepth":0,"packageRank":0,"desc":"","enclosedBy":{"name":"WaterIntakeRecordScreen","kind":3,"href":"view_waterIntake_waterIntakeRecordScreen/WaterIntakeRecordScreen-class.html"}},{"name":"createState","qualifiedName":"waterIntakeRecordScreen.WaterIntakeRecordScreen.createState","href":"view_waterIntake_waterIntakeRecordScreen/WaterIntakeRecordScreen/createState.html","kind":9,"overriddenDepth":1,"packageRank":0,"desc":"Creates the mutable state for this widget at a given location in the tree.","enclosedBy":{"name":"WaterIntakeRecordScreen","kind":3,"href":"view_waterIntake_waterIntakeRecordScreen/WaterIntakeRecordScreen-class.html"}},{"name":"waterIntakeReminderScreen","qualifiedName":"waterIntakeReminderScreen","href":"view_waterIntake_waterIntakeReminderScreen/view_waterIntake_waterIntakeReminderScreen-library.html","kind":8,"overriddenDepth":0,"packageRank":0,"desc":""},{"name":"WaterIntakeReminderScreen","qualifiedName":"waterIntakeReminderScreen.WaterIntakeReminderScreen","href":"view_waterIntake_waterIntakeReminderScreen/WaterIntakeReminderScreen-class.html","kind":3,"overriddenDepth":0,"packageRank":0,"desc":"","enclosedBy":{"name":"waterIntakeReminderScreen","kind":8,"href":"view_waterIntake_waterIntakeReminderScreen/view_waterIntake_waterIntakeReminderScreen-library.html"}},{"name":"WaterIntakeReminderScreen","qualifiedName":"waterIntakeReminderScreen.WaterIntakeReminderScreen.WaterIntakeReminderScreen","href":"view_waterIntake_waterIntakeReminderScreen/WaterIntakeReminderScreen/WaterIntakeReminderScreen.html","kind":2,"overriddenDepth":0,"packageRank":0,"desc":"","enclosedBy":{"name":"WaterIntakeReminderScreen","kind":3,"href":"view_waterIntake_waterIntakeReminderScreen/WaterIntakeReminderScreen-class.html"}},{"name":"createState","qualifiedName":"waterIntakeReminderScreen.WaterIntakeReminderScreen.createState","href":"view_waterIntake_waterIntakeReminderScreen/WaterIntakeReminderScreen/createState.html","kind":9,"overriddenDepth":1,"packageRank":0,"desc":"Creates the mutable state for this widget at a given location in the tree.","enclosedBy":{"name":"WaterIntakeReminderScreen","kind":3,"href":"view_waterIntake_waterIntakeReminderScreen/WaterIntakeReminderScreen-class.html"}},{"name":"waterIntakeScreen","qualifiedName":"waterIntakeScreen","href":"view_waterIntake_waterIntakeScreen/view_waterIntake_waterIntakeScreen-library.html","kind":8,"overriddenDepth":0,"packageRank":0,"desc":""},{"name":"WaterIntakeScreen","qualifiedName":"waterIntakeScreen.WaterIntakeScreen","href":"view_waterIntake_waterIntakeScreen/WaterIntakeScreen-class.html","kind":3,"overriddenDepth":0,"packageRank":0,"desc":"","enclosedBy":{"name":"waterIntakeScreen","kind":8,"href":"view_waterIntake_waterIntakeScreen/view_waterIntake_waterIntakeScreen-library.html"}},{"name":"WaterIntakeScreen","qualifiedName":"waterIntakeScreen.WaterIntakeScreen.WaterIntakeScreen","href":"view_waterIntake_waterIntakeScreen/WaterIntakeScreen/WaterIntakeScreen.html","kind":2,"overriddenDepth":0,"packageRank":0,"desc":"","enclosedBy":{"name":"WaterIntakeScreen","kind":3,"href":"view_waterIntake_waterIntakeScreen/WaterIntakeScreen-class.html"}},{"name":"createState","qualifiedName":"waterIntakeScreen.WaterIntakeScreen.createState","href":"view_waterIntake_waterIntakeScreen/WaterIntakeScreen/createState.html","kind":9,"overriddenDepth":1,"packageRank":0,"desc":"Creates the mutable state for this widget at a given location in the tree.","enclosedBy":{"name":"WaterIntakeScreen","kind":3,"href":"view_waterIntake_waterIntakeScreen/WaterIntakeScreen-class.html"}},{"name":"waterRecord","qualifiedName":"waterRecord","href":"model_waterRecord/model_waterRecord-library.html","kind":8,"overriddenDepth":0,"packageRank":0,"desc":""},{"name":"WaterRecord","qualifiedName":"waterRecord.WaterRecord","href":"model_waterRecord/WaterRecord-class.html","kind":3,"overriddenDepth":0,"packageRank":0,"desc":"","enclosedBy":{"name":"waterRecord","kind":8,"href":"model_waterRecord/model_waterRecord-library.html"}},{"name":"WaterRecord","qualifiedName":"waterRecord.WaterRecord.WaterRecord","href":"model_waterRecord/WaterRecord/WaterRecord.html","kind":2,"overriddenDepth":0,"packageRank":0,"desc":"","enclosedBy":{"name":"WaterRecord","kind":3,"href":"model_waterRecord/WaterRecord-class.html"}},{"name":"current","qualifiedName":"waterRecord.WaterRecord.current","href":"model_waterRecord/WaterRecord/current.html","kind":15,"overriddenDepth":0,"packageRank":0,"desc":"","enclosedBy":{"name":"WaterRecord","kind":3,"href":"model_waterRecord/WaterRecord-class.html"}},{"name":"currentUnit","qualifiedName":"waterRecord.WaterRecord.currentUnit","href":"model_waterRecord/WaterRecord/currentUnit.html","kind":15,"overriddenDepth":0,"packageRank":0,"desc":"","enclosedBy":{"name":"WaterRecord","kind":3,"href":"model_waterRecord/WaterRecord-class.html"}},{"name":"WaterRecord.fromDocument","qualifiedName":"waterRecord.WaterRecord.fromDocument","href":"model_waterRecord/WaterRecord/WaterRecord.fromDocument.html","kind":2,"overriddenDepth":0,"packageRank":0,"desc":"","enclosedBy":{"name":"WaterRecord","kind":3,"href":"model_waterRecord/WaterRecord-class.html"}},{"name":"goal","qualifiedName":"waterRecord.WaterRecord.goal","href":"model_waterRecord/WaterRecord/goal.html","kind":15,"overriddenDepth":0,"packageRank":0,"desc":"","enclosedBy":{"name":"WaterRecord","kind":3,"href":"model_waterRecord/WaterRecord-class.html"}},{"name":"goalUnit","qualifiedName":"waterRecord.WaterRecord.goalUnit","href":"model_waterRecord/WaterRecord/goalUnit.html","kind":15,"overriddenDepth":0,"packageRank":0,"desc":"","enclosedBy":{"name":"WaterRecord","kind":3,"href":"model_waterRecord/WaterRecord-class.html"}},{"name":"id","qualifiedName":"waterRecord.WaterRecord.id","href":"model_waterRecord/WaterRecord/id.html","kind":15,"overriddenDepth":0,"packageRank":0,"desc":"","enclosedBy":{"name":"WaterRecord","kind":3,"href":"model_waterRecord/WaterRecord-class.html"}},{"name":"toJson","qualifiedName":"waterRecord.WaterRecord.toJson","href":"model_waterRecord/WaterRecord/toJson.html","kind":9,"overriddenDepth":0,"packageRank":0,"desc":"","enclosedBy":{"name":"WaterRecord","kind":3,"href":"model_waterRecord/WaterRecord-class.html"}},{"name":"waterReportScreen","qualifiedName":"waterReportScreen","href":"view_report_waterReportScreen/view_report_waterReportScreen-library.html","kind":8,"overriddenDepth":0,"packageRank":0,"desc":""},{"name":"WaterReportScreen","qualifiedName":"waterReportScreen.WaterReportScreen","href":"view_report_waterReportScreen/WaterReportScreen-class.html","kind":3,"overriddenDepth":0,"packageRank":0,"desc":"","enclosedBy":{"name":"waterReportScreen","kind":8,"href":"view_report_waterReportScreen/view_report_waterReportScreen-library.html"}},{"name":"WaterReportScreen","qualifiedName":"waterReportScreen.WaterReportScreen.WaterReportScreen","href":"view_report_waterReportScreen/WaterReportScreen/WaterReportScreen.html","kind":2,"overriddenDepth":0,"packageRank":0,"desc":"","enclosedBy":{"name":"WaterReportScreen","kind":3,"href":"view_report_waterReportScreen/WaterReportScreen-class.html"}},{"name":"createState","qualifiedName":"waterReportScreen.WaterReportScreen.createState","href":"view_report_waterReportScreen/WaterReportScreen/createState.html","kind":9,"overriddenDepth":1,"packageRank":0,"desc":"Creates the mutable state for this widget at a given location in the tree.","enclosedBy":{"name":"WaterReportScreen","kind":3,"href":"view_report_waterReportScreen/WaterReportScreen-class.html"}},{"name":"weightComparisonScreen","qualifiedName":"weightComparisonScreen","href":"view_wellness_weightComparisonScreen/view_wellness_weightComparisonScreen-library.html","kind":8,"overriddenDepth":0,"packageRank":0,"desc":""},{"name":"WeightComparisonScreen","qualifiedName":"weightComparisonScreen.WeightComparisonScreen","href":"view_wellness_weightComparisonScreen/WeightComparisonScreen-class.html","kind":3,"overriddenDepth":0,"packageRank":0,"desc":"","enclosedBy":{"name":"weightComparisonScreen","kind":8,"href":"view_wellness_weightComparisonScreen/view_wellness_weightComparisonScreen-library.html"}},{"name":"WeightComparisonScreen","qualifiedName":"weightComparisonScreen.WeightComparisonScreen.WeightComparisonScreen","href":"view_wellness_weightComparisonScreen/WeightComparisonScreen/WeightComparisonScreen.html","kind":2,"overriddenDepth":0,"packageRank":0,"desc":"","enclosedBy":{"name":"WeightComparisonScreen","kind":3,"href":"view_wellness_weightComparisonScreen/WeightComparisonScreen-class.html"}},{"name":"createState","qualifiedName":"weightComparisonScreen.WeightComparisonScreen.createState","href":"view_wellness_weightComparisonScreen/WeightComparisonScreen/createState.html","kind":9,"overriddenDepth":1,"packageRank":0,"desc":"Creates the mutable state for this widget at a given location in the tree.","enclosedBy":{"name":"WeightComparisonScreen","kind":3,"href":"view_wellness_weightComparisonScreen/WeightComparisonScreen-class.html"}},{"name":"weightRecordReminderScreen","qualifiedName":"weightRecordReminderScreen","href":"view_wellness_weightRecordReminderScreen/view_wellness_weightRecordReminderScreen-library.html","kind":8,"overriddenDepth":0,"packageRank":0,"desc":""},{"name":"WeightRecordReminderScreen","qualifiedName":"weightRecordReminderScreen.WeightRecordReminderScreen","href":"view_wellness_weightRecordReminderScreen/WeightRecordReminderScreen-class.html","kind":3,"overriddenDepth":0,"packageRank":0,"desc":"","enclosedBy":{"name":"weightRecordReminderScreen","kind":8,"href":"view_wellness_weightRecordReminderScreen/view_wellness_weightRecordReminderScreen-library.html"}},{"name":"WeightRecordReminderScreen","qualifiedName":"weightRecordReminderScreen.WeightRecordReminderScreen.WeightRecordReminderScreen","href":"view_wellness_weightRecordReminderScreen/WeightRecordReminderScreen/WeightRecordReminderScreen.html","kind":2,"overriddenDepth":0,"packageRank":0,"desc":"","enclosedBy":{"name":"WeightRecordReminderScreen","kind":3,"href":"view_wellness_weightRecordReminderScreen/WeightRecordReminderScreen-class.html"}},{"name":"createState","qualifiedName":"weightRecordReminderScreen.WeightRecordReminderScreen.createState","href":"view_wellness_weightRecordReminderScreen/WeightRecordReminderScreen/createState.html","kind":9,"overriddenDepth":1,"packageRank":0,"desc":"Creates the mutable state for this widget at a given location in the tree.","enclosedBy":{"name":"WeightRecordReminderScreen","kind":3,"href":"view_wellness_weightRecordReminderScreen/WeightRecordReminderScreen-class.html"}},{"name":"weightRecordScreen","qualifiedName":"weightRecordScreen","href":"view_wellness_weightRecordScreen/view_wellness_weightRecordScreen-library.html","kind":8,"overriddenDepth":0,"packageRank":0,"desc":""},{"name":"WeightRecordScreen","qualifiedName":"weightRecordScreen.WeightRecordScreen","href":"view_wellness_weightRecordScreen/WeightRecordScreen-class.html","kind":3,"overriddenDepth":0,"packageRank":0,"desc":"","enclosedBy":{"name":"weightRecordScreen","kind":8,"href":"view_wellness_weightRecordScreen/view_wellness_weightRecordScreen-library.html"}},{"name":"WeightRecordScreen","qualifiedName":"weightRecordScreen.WeightRecordScreen.WeightRecordScreen","href":"view_wellness_weightRecordScreen/WeightRecordScreen/WeightRecordScreen.html","kind":2,"overriddenDepth":0,"packageRank":0,"desc":"","enclosedBy":{"name":"WeightRecordScreen","kind":3,"href":"view_wellness_weightRecordScreen/WeightRecordScreen-class.html"}},{"name":"createState","qualifiedName":"weightRecordScreen.WeightRecordScreen.createState","href":"view_wellness_weightRecordScreen/WeightRecordScreen/createState.html","kind":9,"overriddenDepth":1,"packageRank":0,"desc":"Creates the mutable state for this widget at a given location in the tree.","enclosedBy":{"name":"WeightRecordScreen","kind":3,"href":"view_wellness_weightRecordScreen/WeightRecordScreen-class.html"}},{"name":"wellnessReportScreen","qualifiedName":"wellnessReportScreen","href":"view_report_wellnessReportScreen/view_report_wellnessReportScreen-library.html","kind":8,"overriddenDepth":0,"packageRank":0,"desc":""},{"name":"WellnessReportScreen","qualifiedName":"wellnessReportScreen.WellnessReportScreen","href":"view_report_wellnessReportScreen/WellnessReportScreen-class.html","kind":3,"overriddenDepth":0,"packageRank":0,"desc":"","enclosedBy":{"name":"wellnessReportScreen","kind":8,"href":"view_report_wellnessReportScreen/view_report_wellnessReportScreen-library.html"}},{"name":"WellnessReportScreen","qualifiedName":"wellnessReportScreen.WellnessReportScreen.WellnessReportScreen","href":"view_report_wellnessReportScreen/WellnessReportScreen/WellnessReportScreen.html","kind":2,"overriddenDepth":0,"packageRank":0,"desc":"","enclosedBy":{"name":"WellnessReportScreen","kind":3,"href":"view_report_wellnessReportScreen/WellnessReportScreen-class.html"}},{"name":"createState","qualifiedName":"wellnessReportScreen.WellnessReportScreen.createState","href":"view_report_wellnessReportScreen/WellnessReportScreen/createState.html","kind":9,"overriddenDepth":1,"packageRank":0,"desc":"Creates the mutable state for this widget at a given location in the tree.","enclosedBy":{"name":"WellnessReportScreen","kind":3,"href":"view_report_wellnessReportScreen/WellnessReportScreen-class.html"}},{"name":"wellnessTodayScreen","qualifiedName":"wellnessTodayScreen","href":"view_wellness_wellnessTodayScreen/view_wellness_wellnessTodayScreen-library.html","kind":8,"overriddenDepth":0,"packageRank":0,"desc":""},{"name":"WellnessTodayScreen","qualifiedName":"wellnessTodayScreen.WellnessTodayScreen","href":"view_wellness_wellnessTodayScreen/WellnessTodayScreen-class.html","kind":3,"overriddenDepth":0,"packageRank":0,"desc":"","enclosedBy":{"name":"wellnessTodayScreen","kind":8,"href":"view_wellness_wellnessTodayScreen/view_wellness_wellnessTodayScreen-library.html"}},{"name":"WellnessTodayScreen","qualifiedName":"wellnessTodayScreen.WellnessTodayScreen.WellnessTodayScreen","href":"view_wellness_wellnessTodayScreen/WellnessTodayScreen/WellnessTodayScreen.html","kind":2,"overriddenDepth":0,"packageRank":0,"desc":"","enclosedBy":{"name":"WellnessTodayScreen","kind":3,"href":"view_wellness_wellnessTodayScreen/WellnessTodayScreen-class.html"}},{"name":"createState","qualifiedName":"wellnessTodayScreen.WellnessTodayScreen.createState","href":"view_wellness_wellnessTodayScreen/WellnessTodayScreen/createState.html","kind":9,"overriddenDepth":1,"packageRank":0,"desc":"Creates the mutable state for this widget at a given location in the tree.","enclosedBy":{"name":"WellnessTodayScreen","kind":3,"href":"view_wellness_wellnessTodayScreen/WellnessTodayScreen-class.html"}}]
